date,alphaos,equal_weight,momentum_20,momentum_60
2023-05-11,0.99123830060724361,0.99461413025602319,1.0000580030726263,0.99510097549091203
2023-05-12,0.99098468672893747,0.99441182438192743,0.99809631073997762,0.99779090865825126
2023-05-15,0.99815373140814678,0.99653568323571129,1.0004381785409344,0.99552960247237443
2023-05-16,0.98139973247381396,0.98483878765803856,0.99661656072795746,0.98580476414876139
2023-05-17,0.99641115330599428,0.99519818216795441,1.0077838861651933,0.98893088347437597
2023-05-18,1.0057646189493861,1.0011012158782091,1.0182436483587136,0.99261064553435951
2023-05-19,1.0040923374671844,1.0009311935894387,1.0154544263553722,0.99421104442090447
2023-05-22,1.0022724288577325,0.99841110762754026,1.009990975136855,0.99020897007565434
2023-05-23,0.99894371331097731,0.9901851326676554,0.99941736723341246,0.97924025759740996
2023-05-24,0.9949219094780386,0.98320328097271992,0.99359423895713916,0.9724961064983747
2023-05-25,0.98741982437089193,0.98147427599898884,1.0052311312720819,0.98034949774935676
2023-05-26,0.99660920751490911,0.98923789279071361,1.0252183349328701,0.99857984584743897
2023-05-30,0.99543657294182808,0.98638776948854046,1.0288590518658745,0.99895236348389937
2023-05-31,0.98318571257468435,0.98073361547543281,1.0182781869742081,0.99340958185393513
2023-06-01,0.99461815274093734,0.98833008375583209,1.0300508070055192,1.0005396337484798
2023-06-02,1.0223529978293451,1.0081872892649721,1.0468572762360222,1.014838701000498
2023-06-05,1.0180723487917491,1.0062069475170194,1.0441065470545494,1.0126911332765078
2023-06-06,1.0272176914778404,1.0095160595197108,1.0520748217564495,1.0144769525044823
2023-06-07,1.0417143726906142,1.014813368047516,1.0459209903986992,1.0060426041294708
2023-06-08,1.0386454897337134,1.0188026421980165,1.0544939185245787,1.0169835463864225
2023-06-09,1.0339681895541277,1.0176107190444739,1.0564092171092199,1.0198289709143828
2023-06-12,1.032126137143472,1.0224171340826567,1.0726499247061871,1.0329811754728491
2023-06-13,1.0438210850397174,1.0304912082194149,1.0826691597999694,1.0407290383234076
2023-06-14,1.037471497006621,1.028680247776846,1.0851908361146623,1.0427559939373712
2023-06-15,1.0487925442115464,1.0405193940652115,1.0976481390575412,1.0540877154212298
2023-06-16,1.0483909718069986,1.0398164086481578,1.093482420076427,1.0493974346628134
2023-06-20,1.0332261927042059,1.0316604700983532,1.0910542704206703,1.04706717861759
2023-06-21,1.0366289625243712,1.031686890853412,1.0833163303330173,1.0396412023709944
2023-06-22,1.0284808279145448,1.0311130675796649,1.088212814593229,1.0443402793083028
2023-06-23,1.0217807188715327,1.0226130539586769,1.0773127331893504,1.0338796470632534
2023-06-26,1.0298299933686048,1.0248866518021655,1.0731151338650546,1.0298512787220866
2023-06-27,1.033429671217835,1.0338036025387212,1.0921061460199115,1.0480766466576446
2023-06-28,1.0310407342289498,1.0315965438622063,1.0937515104067155,1.0496556763108849
2023-06-29,1.041014276585468,1.0384524211574606,1.0983275612245837,1.0540472384439294
2023-06-30,1.0500855320362321,1.0490228945303794,1.1119063011287864,1.0670785360302482
2023-07-03,1.0541169612978389,1.052382681618961,1.117087046677127,1.0706770553872731
2023-07-05,1.0475338248106973,1.0483820501658561,1.1060755513713647,1.066712281402485
2023-07-06,1.0328708042385379,1.0381941837427502,1.0946357315704882,1.0573176395736754
2023-07-07,1.0405855483067614,1.0379806563009499,1.0990506093509598,1.0570185446757303
2023-07-10,1.0417194948382293,1.0420399570547134,1.1053069047790893,1.0640329521100746
2023-07-11,1.0570843620312158,1.0513129073075584,1.1127822331239219,1.0719369782593591
2023-07-12,1.0701053944215477,1.0585263719907367,1.1196526951180705,1.0785552563465086
2023-07-13,1.0727462892683854,1.0631375612776988,1.1285110128818578,1.0870884249158148
2023-07-14,1.0598396175966909,1.05996267953704,1.1278346504158157,1.0864368886884417
2023-07-17,1.0553928539404027,1.0611734772386303,1.1356010465041388,1.0939182151394504
2023-07-18,1.0589599457721386,1.0669150827920739,1.142766109246522,1.1015743848158999
2023-07-19,1.0627045517493474,1.0704886277009278,1.1455687830872499,1.1017737541526507
2023-07-20,1.0741883111688477,1.0723285418160116,1.137125685784482,1.0835491505130947
2023-07-21,1.0828100193983425,1.0758509872028814,1.1340947716828502,1.0817088730635034
2023-07-24,1.0888349269372348,1.0804488480559706,1.1410938388738991,1.0855045655088789
2023-07-25,1.0978861478812656,1.0835096386464806,1.1393892754729829,1.0883339509515948
2023-07-26,1.0967604518320211,1.0830892765856921,1.1444303273932219,1.0858653978902399
2023-07-27,1.0856223362779762,1.0733179205748899,1.1338961576391178,1.077946668362294
2023-07-28,1.0884755883128669,1.0804629145366744,1.1381515552019124,1.0911438593661407
2023-07-31,1.0974853102068747,1.0836563419824659,1.1476726154619501,1.0949018081704522
2023-08-01,1.0886446439675901,1.07899065852862,1.1457483290386481,1.0924659961579819
2023-08-02,1.0841258276083892,1.0690368688629432,1.1280457474659009,1.0731169790591679
2023-08-03,1.0777050860313533,1.064971635024532,1.1305423673034152,1.0702236929789073
2023-08-04,1.0728378480161065,1.0608243573663931,1.1244930691000259,1.06838051806708
2023-08-07,1.0773706561118401,1.0687233105176144,1.1312612017897898,1.0774557503458477
2023-08-08,1.0775130358136511,1.0651830853704223,1.1249754554901159,1.0701792684932712
2023-08-09,1.083359389797141,1.0627451991351105,1.125448257301813,1.0611518876273114
2023-08-10,1.0814809959715004,1.0621987786330558,1.1259928909401593,1.0610599443725413
2023-08-11,1.0896252419095371,1.0644882463842866,1.1315972532115417,1.0578533853762817
2023-08-14,1.0834329331434283,1.0650620433934948,1.1300127611265784,1.0646280164601711
2023-08-15,1.0661687311928485,1.0505733401548747,1.1131317330122312,1.047187580185569
2023-08-16,1.0638563754333676,1.044750694071112,1.1065469112024979,1.037890450279221
2023-08-17,1.0638175753621237,1.0389680875945442,1.1061240256273031,1.03322661482752
2023-08-18,1.0704979176445835,1.041286877798725,1.1098124749099261,1.0365536119717664
2023-08-21,1.0636061777071664,1.0423859094171173,1.1074129934099826,1.0378073889429569
2023-08-22,1.0598766330783196,1.0393278416248011,1.1016657499687195,1.0348240778783961
2023-08-23,1.0627439278228208,1.0461300141392877,1.1056393674257528,1.0402906103990006
2023-08-24,1.0554191518791711,1.035414153225849,1.0954106586406867,1.0268671406103482
2023-08-25,1.0634462693548308,1.0431906462176792,1.1046928232270947,1.0368881520465913
2023-08-28,1.067373359353825,1.0486007888510886,1.1110393209261502,1.0434249229219279
2023-08-29,1.074865361748349,1.0599407575549065,1.1181917125196632,1.0557107610824874
2023-08-30,1.0758489286149069,1.0623796082165826,1.1214522365437238,1.0605687587881272
2023-08-31,1.0725069333694857,1.0592703018757499,1.1155558084886328,1.0603337722659441
2023-09-01,1.0821197126687292,1.0630529950687828,1.1261619892079855,1.0671701365308752
2023-09-05,1.0719188576565173,1.0548528917570539,1.1180462498445618,1.0633901732218913
2023-09-06,1.0674325815690768,1.0512698890324119,1.1114843437697624,1.0559401690677186
2023-09-07,1.0654071333597095,1.0509248636616468,1.1074505727715729,1.051502971667903
2023-09-08,1.0696651428986284,1.0532588686078221,1.1118016246513054,1.055641367726226
2023-09-11,1.0745067036489524,1.0588291283051785,1.1113207519697186,1.0622173399490418
2023-09-12,1.067784522041759,1.0574903411006089,1.1129446535242375,1.0609417990759584
2023-09-13,1.0732936107508106,1.0581325357646523,1.1132591228843847,1.0603725066678653
2023-09-14,1.0847647013401738,1.0687035409847725,1.1239309179703632,1.0712363075697631
2023-09-15,1.0733170328064725,1.057631669985855,1.1048977503581641,1.0581177025127766
2023-09-18,1.0746141807410841,1.0575557598177376,1.1057377208293453,1.0582084269253285
2023-09-19,1.0716013059172262,1.0542507964628871,1.1002490750173726,1.0527536694584856
2023-09-20,1.0666644673801837,1.047877770670044,1.0874144379055442,1.0435578832469037
2023-09-21,1.0529614014610129,1.0314397729112581,1.0670178428714217,1.0235484042791902
2023-09-22,1.0511286661981274,1.0282943457078346,1.0649021987279066,1.0181713880224994
2023-09-25,1.0504938672781181,1.0325837600465322,1.0727034893625915,1.0253453908030312
2023-09-26,1.0310782497765203,1.0175922619648903,1.0577675950619518,1.0126650637942938
2023-09-27,1.0221628282384572,1.0171241640022264,1.0578243846352329,1.0181954292686239
2023-09-28,1.0183561813269739,1.020314505892598,1.0532883481975206,1.0226145197583858
2023-09-29,1.0191140648532511,1.0161276312770877,1.0432992809582746,1.0099468717476063
2023-10-02,1.0051602847404646,1.0056367520898417,1.0175516623899619,0.999888352121449
2023-10-03,1.0004138458053893,0.99736168901523137,1.0155495865673623,0.99143020437163487
2023-10-04,1.0068419148809138,1.0011506899723166,1.0077033125003283,0.98489850975381821
2023-10-05,0.99872148799710903,0.99632927066672083,1.0008103574790705,0.98626706513524531
2023-10-06,1.0079225146690176,1.0055058665357173,1.0044959826704798,0.99453073306425033
2023-10-09,1.013342505404905,1.0133663952756085,1.0169102597415527,1.006578254403631
2023-10-10,1.0218514265113599,1.020812463053538,1.0223633896619506,1.0110470480866991
2023-10-11,1.0281870669336135,1.0224877932512599,1.0189512189506007,1.0057187209141425
2023-10-12,1.0194738106892649,1.0140564715494842,1.0167471264455876,1.0010938642774319
2023-10-13,1.0213124253514747,1.0150030967576704,1.0213348330358916,1.0112177814827847
2023-10-16,1.0316020619850499,1.0253119727912634,1.0294423629061187,1.0195591616580566
2023-10-17,1.0305486454633692,1.0282766544332154,1.0309950858975638,1.0242871055039315
2023-10-18,1.0192493926559414,1.0162054768982893,1.0154905330216717,1.0202299134195696
2023-10-19,1.0094248556139449,1.0055998355148312,1.0070926330714718,1.0143638574357936
2023-10-20,1.0006141208455477,0.99386917967687061,0.99661104407327583,1.0015916436992094
2023-10-23,0.99349829154718727,0.98804063693353306,0.99336709592586903,0.99442393590833289
2023-10-24,1.0087040709225754,0.99534448915078955,0.99914355387561604,0.99303502548042411
2023-10-25,1.0042651185039695,0.9884727913169461,0.99096944998025227,0.98556177280858814
2023-10-26,0.99984058524929298,0.98305162315196737,0.97884170282501781,0.97350020624190403
2023-10-27,0.99223500430102496,0.97371082579543278,0.96727973041673565,0.96200132701399466
2023-10-30,1.0029570367351002,0.98374225578223429,0.97362754077482561,0.96831449764715238
2023-10-31,1.0095471221268668,0.99016121779926836,0.978879271762222,0.97353757016705234
2023-11-01,1.0125348424786333,0.99587779943305221,0.98724885128293338,0.97971737552609661
2023-11-02,1.0297617267233483,1.0162760875322032,1.0032660722266038,1.0002657949367819
2023-11-03,1.0375805207295079,1.0235250714342918,1.0090924735592426,1.0020178429505027
2023-11-06,1.0354998769750023,1.0225903773244513,1.0109924137559612,1.0027353656422542
2023-11-07,1.0270865245711305,1.0195766934811736,1.0131072114573756,0.99947192442490262
2023-11-08,1.0242954284236487,1.0177921801187515,1.0111990162316515,0.99797569023998389
2023-11-09,1.0154960344256128,1.0088448938829944,1.003834121465021,0.99068397178209133
2023-11-10,1.0236732014366297,1.0211649239946281,1.0167764691878902,1.0048812666273979
2023-11-13,1.0202499106581384,1.0212213199582518,1.0118541700271824,0.99847652724147851
2023-11-14,1.0472276330078105,1.0425126792758461,1.0353471559996943,1.0245326571523949
2023-11-15,1.0504805578418555,1.044620150231284,1.0397492142775455,1.0265674679418031
2023-11-16,1.0490472614872925,1.0422700218295324,1.0385796313180717,1.0261549651429385
2023-11-17,1.0502134509465182,1.0466705263970215,1.0392148857512427,1.0294840538037862
2023-11-20,1.0495082933105258,1.0504120135462989,1.0453882744922176,1.0375888600344907
2023-11-21,1.0526497507748833,1.0504940273468266,1.0433827302349146,1.0337030129731388
2023-11-22,1.0570708174704053,1.0540562718369793,1.0466791332411762,1.0376543244394307
2023-11-24,1.0608042590515636,1.0569456029193522,1.0474191175849961,1.0383879283969344
2023-11-27,1.0599258538387293,1.054623647969974,1.0467729298458701,1.0377473122992125
2023-11-28,1.0633611168566082,1.0557804083722893,1.0493472603644241,1.0402994461005639
2023-11-29,1.0594960615335574,1.0547017702027777,1.0511310754576095,1.0420678805583259
2023-11-30,1.0663910316690901,1.0624023749433711,1.0550911160113732,1.0472893767334106
2023-12-01,1.0739981621366586,1.0713951041747884,1.0633403629746865,1.0549951993996958
2023-12-04,1.0716300447893012,1.0675500550082899,1.0573154470769437,1.048972375108183
2023-12-05,1.0624152133344873,1.0612645262213964,1.0582453372731853,1.0467778385443041
2023-12-06,1.0622228286339279,1.0597764927640243,1.054030637601119,1.0467548480031048
2023-12-07,1.05857406823917,1.0629264705455201,1.0595734732547848,1.0522577635688517
2023-12-08,1.0623007844607304,1.0663366502344362,1.0655721762414305,1.0582150491638296
2023-12-11,1.067346442479717,1.0731982638360456,1.0742260662389878,1.0668091893200835
2023-12-12,1.0625447987031953,1.0752589989406898,1.0807960034687782,1.073333765133567
2023-12-13,1.0873739468526868,1.0930662998292688,1.0937733944871302,1.086221555168535
2023-12-14,1.0872496687683215,1.0987903551537059,1.106251028188683,1.0935931450422143
2023-12-15,1.07906471083227,1.0946837288598525,1.1043711840476649,1.0927835959761996
2023-12-18,1.0850166516411213,1.0985965620258142,1.1078711005815289,1.0950656728227866
2023-12-19,1.0922049950607782,1.1062563514569737,1.116395964906399,1.1020245752241076
2023-12-20,1.0745288854274011,1.088339762734557,1.0969550598756268,1.0839859526143907
2023-12-21,1.0812648931288384,1.0982316505944241,1.1098538819815984,1.0963325067700251
2023-12-22,1.0808586874211659,1.1014039804857401,1.1096878933778123,1.0948947942993963
2023-12-26,1.0876650337630609,1.1069379857976396,1.1153595388176807,1.0994266171519991
2023-12-27,1.0870696925479271,1.1086976287553318,1.1183793210489479,1.1018387165713348
2023-12-28,1.0822527721784483,1.1075064650958988,1.117637884627829,1.1014473409092491
2023-12-29,1.0787477296025045,1.1052843332235944,1.1137775373048404,1.0979741953484166
2024-01-02,1.0845170674895612,1.1066615692105277,1.1109551746114836,1.0862557017306171
2024-01-03,1.0846288101212653,1.1001251864458876,1.0983282235369736,1.0741124344313819
2024-01-04,1.0745622629503775,1.0965300098693009,1.0990948795020901,1.0734370798098445
2024-01-05,1.0767695598169924,1.0977315042410822,1.1017050667426305,1.0753162761348758
2024-01-08,1.0813172550284333,1.1063942700886613,1.1081120336585093,1.081832027704364
2024-01-09,1.0713383095049485,1.1009449015867552,1.1015052962204694,1.075487629022877
2024-01-10,1.0707604636909032,1.1027807512186585,1.1032982048632742,1.0778338214781558
2024-01-11,1.0628293517804772,1.0995250604173841,1.1005854538100177,1.0673431873401977
2024-01-12,1.064323191251513,1.1004047518853846,1.0993299142509809,1.0686451647570754
2024-01-16,1.0515823947892109,1.0914205708223608,1.0918619957987545,1.0627717725336234
2024-01-17,1.0405091457521793,1.0847479150797221,1.0901989956599079,1.0579684212726845
2024-01-18,1.0382519857197281,1.088476604321823,1.090278612443228,1.0704709193511748
2024-01-19,1.042325125974094,1.0953299764419131,1.0952743372332525,1.0868206092175499
2024-01-22,1.0403052628443186,1.0970222972111634,1.0968565841328388,1.0929168297522911
2024-01-23,1.0408134184121771,1.0994105697386036,1.097910816651406,1.0933432292728653
2024-01-24,1.0397106506849891,1.0953102515267623,1.098536096692283,1.0959131254001908
2024-01-25,1.0495506694213126,1.1033150642711425,1.1013546646295271,1.0947929658570577
2024-01-26,1.0548045280058709,1.1053180760006651,1.100486864140678,1.093505842179425
2024-01-29,1.0615152654833591,1.1120870734423198,1.1073640701423426,1.1030591743567884
2024-01-30,1.0648388447035404,1.1153716329243475,1.1098215696771134,1.1040668430717135
2024-01-31,1.0509657394893304,1.1022893400771747,1.0970621173331472,1.08761490662317
2024-02-01,1.0643272079851069,1.1169011816530396,1.1069379058765436,1.0988569231180565
2024-02-02,1.0646584550483567,1.1182955687756793,1.1116622222949837,1.1065880022482539
2024-02-05,1.0513445991545751,1.1089753552111608,1.1114632100511057,1.1032096079071612
2024-02-06,1.0558763912593285,1.1151540464954004,1.113097541635939,1.1055723627233065
2024-02-07,1.0607734764770282,1.1214710717696106,1.1232251347572875,1.1156314874963367
2024-02-08,1.0634519409489849,1.1219292972129917,1.1230254145369625,1.1154331174994505
2024-02-09,1.0618678164094488,1.1226347640429502,1.1296973718898926,1.1220599685872961
2024-02-12,1.0695115057453299,1.127154363540064,1.1290787728803129,1.1214455516624378
2024-02-13,1.0542780253894526,1.1119431510557507,1.1137530562128062,1.1062234456450075
2024-02-14,1.0581211922152634,1.1199709372858209,1.1274024724113156,1.1197805839477308
2024-02-15,1.0805103211583096,1.1338052583207556,1.1358684988831909,1.1281893752164933
2024-02-16,1.0818029232113018,1.1317620960749011,1.1288144262154074,1.1211829921328678
2024-02-20,1.0775047125581638,1.1279604824507845,1.1228120803835506,1.1152212256074874
2024-02-21,1.0909763425111172,1.1344048214710107,1.1317067411203179,1.1179086029496381
2024-02-22,1.0924286015800644,1.1463191670993174,1.1413630043063194,1.1312194703235552
2024-02-23,1.0947520889349827,1.1485494132182419,1.1427441529947024,1.1368804786959394
2024-02-26,1.0866643684468582,1.1442580344722268,1.1416025649579971,1.1324866433027272
2024-02-27,1.0931994916841463,1.147321550887479,1.141583570540706,1.1331675147921876
2024-02-28,1.0947293069526847,1.1481659962001403,1.1409671224591971,1.1339814764587526
2024-02-29,1.099404965127061,1.1511711149897954,1.1416377626256153,1.1318930072134212
2024-03-01,1.1030929425795044,1.1569609142209523,1.148488451839649,1.136969670109063
2024-03-04,1.1079626808818106,1.1576128478715813,1.144102248262411,1.1387250609699153
2024-03-05,1.1076411721327615,1.1510360890307096,1.1333903537419583,1.1328714276324023
2024-03-06,1.1102750098429846,1.1574368961750976,1.1396190821431029,1.139035186145233
2024-03-07,1.1186404077154493,1.1661345993031895,1.1533434530486539,1.1475346026559652
2024-03-08,1.1195291405306553,1.1624116284651327,1.1445307564342106,1.1416006268237175
2024-03-11,1.1242789185057809,1.1653560014530928,1.1458435282390014,1.1392426034813266
2024-03-12,1.1232014714440335,1.1699822074537893,1.1552666067523758,1.1502984061232966
2024-03-13,1.1309250242652897,1.1736621665337312,1.1662613383260927,1.159490215461052
2024-03-14,1.1294565315848415,1.1694137195902952,1.1651482837022225,1.1587717282297925
2024-03-15,1.1274291353727237,1.1661566854596725,1.1670314457840547,1.1596225170996048
2024-03-18,1.1332943789690646,1.1708445011104092,1.1708774055068187,1.1638587922667272
2024-03-19,1.1442460255708879,1.1784153766903485,1.1788757004643444,1.1735606295144843
2024-03-20,1.1498488158394069,1.186352139849292,1.1827412966172632,1.1812464158236671
2024-03-21,1.1537866918257569,1.1909813452332667,1.1861171072680272,1.1889035064850952
2024-03-22,1.1500965180518203,1.1861279589166573,1.1833481187663166,1.182430989281259
2024-03-25,1.154181353862396,1.1847804624129477,1.1889923125771971,1.1777959536246336
2024-03-26,1.1473233530189664,1.1822942299331305,1.1811226782177326,1.1791188152444441
2024-03-27,1.1659682407133238,1.1980373296970819,1.2014089336043516,1.1929373755357147
2024-03-28,1.1716599660315825,1.2010104337856866,1.2095767439164016,1.1994697564089065
2024-04-01,1.1692678642618897,1.1962841407601346,1.2091237501151444,1.1971849706875206
2024-04-02,1.1697859493122598,1.1906551587984491,1.2139992690353754,1.198904930736459
2024-04-03,1.171218409365244,1.1913121676149285,1.2175641815238569,1.2035444459232014
2024-04-04,1.1655943144471987,1.1808244701376105,1.2123810258824192,1.1926175570164184
2024-04-05,1.1730627935739586,1.1904733511961059,1.2215392749265801,1.2069493513054632
2024-04-08,1.1768364604927195,1.1914205620021181,1.2219343864961827,1.2032202368501357
2024-04-09,1.1809599827495521,1.193834314817078,1.2252655023573633,1.2044247585483525
2024-04-10,1.1693155625780831,1.1810721583614356,1.2131387578259762,1.1973229202739657
2024-04-11,1.1786716878159553,1.1826493576914121,1.2117205843921064,1.1963821478152303
2024-04-12,1.1629272552920242,1.1664803118766942,1.1949379710275181,1.1785695361029005
2024-04-15,1.1455272870812183,1.1564325448862798,1.1856375773543373,1.1701982751505251
2024-04-16,1.1387770727795141,1.1509928281286237,1.1739194056606208,1.1629091363583861
2024-04-17,1.1392800552314633,1.1509954911581333,1.1818581331821285,1.1606537536109223
2024-04-18,1.1347097718785282,1.1496916529577097,1.1806945189236202,1.1582445236651251
2024-04-19,1.1295366645808176,1.1526593336069926,1.1907878497993978,1.1618820017999889
2024-04-22,1.1380300382274964,1.1607579450698409,1.2000251908166713,1.1677283995522125
2024-04-23,1.1498407075976937,1.1690186159533402,1.2096400330889192,1.1719582678803113
2024-04-24,1.1575659799080644,1.1713214059963135,1.2092046153921985,1.1693762190611163
2024-04-25,1.1580818059136466,1.1714669009033973,1.2103712262904671,1.1726091891029238
2024-04-26,1.1616840804336075,1.1720740290149252,1.2013896379189708,1.1653825036554013
2024-04-29,1.1776229041195669,1.1809642712111998,1.2108164993405637,1.1758838784262033
2024-04-30,1.1572849901949882,1.1637918693540772,1.1949352781974687,1.1559651936233601
2024-05-01,1.1553837495340509,1.1609007696241425,1.1907968041237365,1.1534683951878744
2024-05-02,1.1678301417948636,1.1671916631928545,1.1977398077220354,1.1549539315585609
2024-05-03,1.1844208385954982,1.1759740568088242,1.2049101589896656,1.1619506452551258
2024-05-06,1.1953286095705273,1.1850054221334698,1.2112357980483679,1.1693192030162327
2024-05-07,1.1956031265520812,1.1898302465164163,1.2213200079932391,1.17799739290177
2024-05-08,1.199439014587115,1.1899870626617053,1.2243930910849914,1.1798815634732667
2024-05-09,1.2081150329506329,1.2006817200859192,1.2368004245213293,1.1955156870553254
2024-05-10,1.2070420929674717,1.2013861065196176,1.2395718669691624,1.193404154729703
2024-05-13,1.2084182312356873,1.1997812690261926,1.2379973467760319,1.1920879743004331
2024-05-14,1.214892045018656,1.2031717271256683,1.2400518958544795,1.19404859808851
2024-05-15,1.2307408873443568,1.2128852463246571,1.2526718073575942,1.2016179270745428
2024-05-16,1.2253462034446925,1.2106862492646309,1.2563255397634789,1.196245101971904
2024-05-17,1.227311825090087,1.2152748952098495,1.2587117202472726,1.2055584362557243
2024-05-20,1.228187454117919,1.2121027383089056,1.2493686105919393,1.2028171771850549
2024-05-21,1.2321738218589688,1.2151866680467907,1.2582624262414634,1.2044448650590598
2024-05-22,1.2295653841393401,1.2076835790012848,1.2492670539480797,1.1881014067174938
2024-05-23,1.2151095990357572,1.1932317691249952,1.2334839918462912,1.1742619694553873
2024-05-24,1.2212283342702617,1.1997269596286331,1.2446590307292045,1.1821496685695634
2024-05-28,1.217068830239882,1.1949565367834263,1.2444209575633092,1.184290597741144
2024-05-29,1.2086855613354091,1.1823456796037297,1.230543355539534,1.1665863660014539
2024-05-30,1.2019364497985272,1.1852946882487636,1.2298802433367104,1.1760930648279362
2024-05-31,1.2106551183405239,1.2009179584799372,1.242685536199615,1.1980733670502484
2024-06-03,1.2143408271287772,1.1937640433426528,1.2365116062153032,1.1828571899798233
2024-06-04,1.2167812884437315,1.1920056146903386,1.2326210904434205,1.1823917918702556
2024-06-05,1.2299615179192043,1.1978894689759012,1.2422424033271422,1.1792263934169338
2024-06-06,1.2328979850379482,1.1978802642041739,1.2370436940833842,1.178428914290639
2024-06-07,1.2326154417962962,1.1945487593252095,1.2331271356682294,1.1723095607057346
2024-06-10,1.2364965349909851,1.1981652262958351,1.2409468554308287,1.1780078220194439
2024-06-11,1.2413804659607126,1.1962827050681473,1.2444236908426631,1.1827557340903867
2024-06-12,1.2540759416186842,1.1980340033792973,1.2501991716195606,1.1848144940211922
2024-06-13,1.2574620552669979,1.1973931945905119,1.2542034447782682,1.189454065258047
2024-06-14,1.2555496452736918,1.1927171906122473,1.2514757758308825,1.1906663742374495
2024-06-17,1.2687927638983914,1.2006778459822753,1.2646759246403336,1.196110528736325
2024-06-18,1.268451931856531,1.2027723990505286,1.264336198492809,1.197303276775662
2024-06-20,1.2655623196562973,1.2060821470595537,1.2614559621885331,1.1952740983676584
2024-06-21,1.2695684656267918,1.2051099119331417,1.2654491094570537,1.1925660083806078
2024-06-24,1.2672098058591232,1.2114018549297729,1.2557619669532172,1.1922752097149383
2024-06-25,1.2740806156313256,1.2071371630583507,1.2602932334660293,1.1929985813991981
2024-06-26,1.2754041827009823,1.204941811977623,1.2643773301558943,1.1900455989509775
2024-06-27,1.2792050570287734,1.2051898762809385,1.266481142316717,1.1892285666145592
2024-06-28,1.2758870948010885,1.2024060411031163,1.2611674645754709,1.1828193845214252
2024-07-01,1.2721421681038183,1.1981189606036615,1.2634052224609122,1.1802983124548163
2024-07-02,1.282412594466829,1.2049475731935011,1.2721998603755611,1.1870388423315112
2024-07-03,1.2885850202020153,1.2088423408635507,1.2775116749880884,1.1941271756093097
2024-07-05,1.2839478077557194,1.2108759130106563,1.2855588526647339,1.2008985460639723
2024-07-08,1.2821161763227396,1.2110562958576283,1.2882595047160552,1.2034569196839262
2024-07-09,1.271241784840534,1.209965829964901,1.2846943270940427,1.2048237223733003
2024-07-10,1.283571557516437,1.2204822639838564,1.2970325211442664,1.217461058399379
2024-07-11,1.2993226256748767,1.2243216785291531,1.2850933085351202,1.2095638643195883
2024-07-12,1.3070839598880093,1.2326346847441676,1.2955807139386506,1.2213691617456026
2024-07-15,1.3156352749474127,1.2327661665252199,1.3024161798436791,1.2115149006203412
2024-07-16,1.3370305898241621,1.2473326015000983,1.31281550089715,1.2205414997243234
2024-07-17,1.3347479137523475,1.2425214354711047,1.291954285717408,1.1982563749511241
2024-07-18,1.3276668227399639,1.2332542983364161,1.2822209545504897,1.1938252766420065
2024-07-19,1.3164443833329376,1.2254750243821295,1.2674466371308066,1.18466991465101
2024-07-22,1.3195869902450135,1.2338011923078436,1.284250890761937,1.2014846475027807
2024-07-23,1.3135001707469283,1.2295612573970518,1.2754691064251307,1.1955846402244976
2024-07-24,1.298454700916992,1.2143150638963842,1.2522426250694481,1.167246216504505
2024-07-25,1.3105986835999419,1.2147027763934395,1.2595020989754582,1.1583159310796212
2024-07-26,1.3265328917786157,1.2283996934721595,1.2720565043509753,1.1712840529969308
2024-07-29,1.3227584486500252,1.2294083033706844,1.2746504475441809,1.1778287123017377
2024-07-30,1.3294482550132261,1.2287549375358806,1.2776993014874132,1.1737194448633688
2024-07-31,1.3408389040035089,1.2407140600678424,1.2857739204787044,1.1940265296387595
2024-08-01,1.3188522459661911,1.228536086088114,1.2700131471607075,1.1807359774850319
2024-08-02,1.2895746497656295,1.2085749064601246,1.2423257388954294,1.16101411244522
2024-08-05,1.2630320014761047,1.1783891683765026,1.2138933901200275,1.126788875533987
2024-08-06,1.2728192260728617,1.1893688147627623,1.2196236726685723,1.1327973720335567
2024-08-07,1.2667249875400759,1.1827139726614948,1.2122798536992909,1.1314799216172349
2024-08-08,1.29211154036878,1.2046919691878615,1.2278135123571028,1.1435741459430833
2024-08-09,1.2928206354665659,1.2078568492470791,1.23092677541051,1.1473414899101078
2024-08-12,1.290898891879211,1.206190946081664,1.2282948701616474,1.1446292764978412
2024-08-13,1.2955337209222533,1.2192316843626441,1.2366887726521083,1.1532177176808911
2024-08-14,1.2997987962588897,1.2232416103010484,1.2397604977486762,1.1560821148384803
2024-08-15,1.3176853239561781,1.2406687881080634,1.2465671474508848,1.162429345611669
2024-08-16,1.3171169912623788,1.2431972438047258,1.2499793870608373,1.1656112740500835
2024-08-19,1.3248162186219838,1.2526381802598239,1.2566477969501202,1.1718295955899385
2024-08-20,1.3094672572628911,1.2479571069986699,1.2595098785293086,1.1733128797560617
2024-08-21,1.318347071066551,1.2551350837481372,1.2660329114226629,1.1760097299133723
2024-08-22,1.301582315935168,1.2498865263361223,1.2651798325574151,1.1779009628384034
2024-08-23,1.3234872844051457,1.262639159055696,1.2693712121934424,1.1840832735289513
2024-08-26,1.3184295267611743,1.2637973429903566,1.2749001824699053,1.1879246850631711
2024-08-27,1.3158289902965579,1.2632343807662776,1.2732239599064878,1.1915360326180984
2024-08-28,1.302689777940182,1.2582807560335629,1.2719116182115966,1.1912905081895644
2024-08-29,1.3049116564888172,1.2623674697756966,1.2729955171127261,1.1937154590946906
2024-08-30,1.3188470892644817,1.2743620233617765,1.2824921182629629,1.2034109831004636
2024-09-03,1.2817390855266024,1.2555570742113862,1.2840463097570882,1.202412360982996
2024-09-04,1.2758297906033798,1.2549390247388135,1.2812858812795977,1.2047785482598252
2024-09-05,1.2767770191116388,1.248197152236642,1.2709467774985517,1.1938798651111568
2024-09-06,1.2495588794211461,1.2320471834234608,1.2494163163324019,1.1828658887352337
2024-09-09,1.2654810730420336,1.24613074167261,1.2688264707126891,1.1954942032207094
2024-09-10,1.2695376362144741,1.2475980901873729,1.2715287922726,1.1951411884575114
2024-09-11,1.2842533676184946,1.2510710780806833,1.2681067016280803,1.1899801237471876
2024-09-12,1.2964673141688885,1.2593877100731916,1.2764565541896082,1.1941817461163209
2024-09-13,1.3040046755118737,1.268171489357697,1.2836199530242747,1.2037870303432803
2024-09-16,1.306439765351181,1.2754026106547955,1.2900623723613127,1.2136488863243293
2024-09-17,1.3136055830650033,1.2766758085698844,1.2905119139121894,1.2116772352278931
2024-09-18,1.3095907215975764,1.2723433043666257,1.2838809341211248,1.2058038147063175
2024-09-19,1.3376698340151438,1.2864310006207362,1.2886279560408047,1.205538196436863
2024-09-20,1.3334738862712257,1.2867450256105621,1.3008848224801861,1.2177276714767544
2024-09-23,1.3442796902361023,1.2942434817991524,1.3130028474272055,1.2236233071277327
2024-09-24,1.3501680352006054,1.2962991994664972,1.312728675198094,1.2163213061965239
2024-09-25,1.3410201023399237,1.2898505897826256,1.3105365159552835,1.2133149437629021
2024-09-26,1.3402496067470124,1.2938328427525678,1.3115524032407975,1.214605975231775
2024-09-27,1.3454652177895579,1.2974776526332061,1.3171554299573844,1.2203598847740442
2024-09-30,1.3488262167917948,1.3004872534330607,1.3200853268255599,1.2255534138487492
2024-10-01,1.3460623991726832,1.2984796626016784,1.3221090159943663,1.2269080356277537
2024-10-02,1.3501680890641528,1.2976901618696974,1.3177688581098352,1.2239620870834542
2024-10-03,1.3548877318986055,1.2933315140625243,1.3103054465301682,1.2172244612643224
2024-10-04,1.3700598576116769,1.3026871128026154,1.3183785148472973,1.2213624800005087
2024-10-07,1.3616262762261089,1.292054712239296,1.3003831977486671,1.2097914491331738
2024-10-08,1.3622218246864095,1.2942780763483215,1.3057712513773527,1.2090265194613792
2024-10-09,1.3732718113620972,1.3024024991974767,1.3154012305419396,1.2120937684982422
2024-10-10,1.3739847403314025,1.3001633531118537,1.3160002403714881,1.2075534135869712
2024-10-11,1.3756872339807065,1.3101241908628849,1.3272800696128442,1.2260882591196005
2024-10-14,1.3834668707239677,1.3184262453307483,1.3354928303255926,1.2361982678834356
2024-10-15,1.359310124185636,1.3095879316661674,1.3079856686693683,1.2357296386091305
2024-10-16,1.3652575502954285,1.3187386085678787,1.3147887612605722,1.2521799284308424
2024-10-17,1.3684024003536299,1.3171395498669753,1.3169494040333196,1.248398968270602
2024-10-18,1.3702992115981731,1.3206814010530337,1.3183810249952466,1.2521403737047134
2024-10-21,1.367527124440489,1.313455210304791,1.3175828625951751,1.2457072583499273
2024-10-22,1.3662795412957875,1.3097404838182283,1.3128443017028006,1.2384268716274274
2024-10-23,1.3502155689789104,1.3040859822940174,1.304047399009981,1.2408226290935371
2024-10-24,1.3656184584088744,1.3042628868612058,1.3026843823920817,1.2356527114217888
2024-10-25,1.3692609736773718,1.2983689576582675,1.2989585319014054,1.223875238638372
2024-10-28,1.367333683303293,1.3027555278840246,1.3054819251552714,1.2333548957178972
2024-10-29,1.3641395814280437,1.2948143307910882,1.3080677006526342,1.2214939922157881
2024-10-30,1.3572856716971853,1.2929685872434802,1.3032082205608557,1.2146516171343382
2024-10-31,1.33882068751406,1.2815578828237659,1.2861363501516718,1.1899601420532655
2024-11-01,1.3464433479461702,1.2819208622335581,1.287963150619378,1.2007556603768321
2024-11-04,1.3525169069129281,1.2809717614823499,1.2919416624659787,1.1959381991037847
2024-11-05,1.3697779611385714,1.2944062081251975,1.3047938127482019,1.2123229754621516
2024-11-06,1.4145167818906372,1.3212014290253209,1.3566014056136955,1.2613047790269338
2024-11-07,1.4265821227770399,1.3240220393515838,1.3627153596945587,1.2669892486648342
2024-11-08,1.4359705812989676,1.3340945894107881,1.3727582097389097,1.2763266227111632
2024-11-11,1.4457829931392292,1.3389235446970671,1.3860576288984618,1.2886918029880015
2024-11-12,1.4372625472354326,1.3284881927316046,1.3789611309994467,1.2820938098874908
2024-11-13,1.4370851971083547,1.330887288726559,1.3832138488204997,1.2860477887713035
2024-11-14,1.4297889339164618,1.3215561544862913,1.3676711864008169,1.2715969454302709
2024-11-15,1.4085595000079179,1.3135382111711629,1.3634651283530697,1.2676863486296666
2024-11-18,1.416817426579198,1.321130856487029,1.3684146055670923,1.2722881419330634
2024-11-19,1.4151408275292479,1.3203005204529581,1.3653182659505554,1.2694093096248646
2024-11-20,1.4250286580120801,1.3229613811145096,1.3656081777164941,1.2667134333838894
2024-11-21,1.4375196415648865,1.3367471393866983,1.3758954424026659,1.2781284378438433
2024-11-22,1.4389403830332725,1.3444175400237508,1.3882764328227215,1.2949570069213414
2024-11-25,1.4335332935134573,1.3488126194046677,1.3868465099570719,1.304857569297232
2024-11-26,1.4378816152594531,1.3530373689625552,1.3888297056486885,1.3077975631395213
2024-11-27,1.4334257735310325,1.3508626887606567,1.3869487121795954,1.3048888124377085
2024-11-29,1.4413872072453726,1.3575621783250402,1.3943972762725634,1.3124828770463464
2024-12-02,1.4399832158310701,1.3523276573335852,1.3889333488108844,1.3087461998447023
2024-12-03,1.440586298959325,1.3478133131190799,1.3850904419027237,1.3024431114811068
2024-12-04,1.4376877334177047,1.3465059251595399,1.3766405999395945,1.3068051796599267
2024-12-05,1.431747785548021,1.3435911721517235,1.375273630049479,1.3085774337157576
2024-12-06,1.4227604711035149,1.3403736562652384,1.3837581857245493,1.3194090039142878
2024-12-09,1.4202326538952557,1.3336336767882986,1.3720401273074696,1.30917421769787
2024-12-10,1.4084535396985587,1.3279647508818127,1.3716265821597668,1.3038255162380046
2024-12-11,1.4096288579161542,1.3284264191876196,1.3797833125290035,1.3187190083446201
2024-12-12,1.3994569845587894,1.3217190388907418,1.3729109521701999,1.3106426412310377
2024-12-13,1.3990542268611339,1.3201343155481491,1.3754979532553744,1.3138909763802991
2024-12-16,1.3880045037094291,1.3152755795532747,1.3838705465086778,1.3234138729646863
2024-12-17,1.3814295647148089,1.309641454258309,1.3817413634279518,1.3190373711527317
2024-12-18,1.3466825217651766,1.2737938416348826,1.338990943815439,1.2717964254902692
2024-12-19,1.3405039824740279,1.2698746368238942,1.3356891676626002,1.2731839633229609
2024-12-20,1.3576870307601983,1.283768806240545,1.3450478404837258,1.286912775791029
2024-12-23,1.3663846265544413,1.2879273565555658,1.3488649136167143,1.29380067044394
2024-12-24,1.3746128935344626,1.2998201268060374,1.3668809592236866,1.3132389958124426
2024-12-26,1.3740678870022347,1.2998996645366032,1.3668886314458495,1.3129879644833855
2024-12-27,1.3705546941577327,1.2908553030180272,1.351054742911219,1.2967216678972264
2024-12-30,1.362969248085246,1.2779322337158818,1.3328235104250772,1.2801282619029788
2024-12-31,1.3696434737861762,1.2788005878502426,1.3271886060860794,1.2738430676211812
2025-01-02,1.3786721429832409,1.2766380635182888,1.3190214427184175,1.2662465179383076
2025-01-03,1.3923507205790386,1.2885285433489102,1.3346863201161228,1.2848999075691441
2025-01-06,1.3872461766344739,1.287415265459114,1.3398250334866861,1.2907052409197519
2025-01-07,1.3904373406847015,1.2824620466983156,1.3211445837273055,1.2727096416403254
2025-01-08,1.3933588500870917,1.2857445953147439,1.3236975487217619,1.2751690114952492
2025-01-10,1.3878855676623296,1.2718004490523582,1.2990636597667697,1.2514382341297139
2025-01-13,1.4028229601198969,1.280995581751732,1.3015798876426854,1.253862213698405
2025-01-14,1.4197672142871811,1.288248448259695,1.3048448186188508,1.2593202382720325
2025-01-15,1.4382123575343604,1.3049893583037686,1.3195004476374645,1.2890561938179956
2025-01-16,1.4577808005926005,1.3134024367929866,1.3356739929281429,1.2863417851974477
2025-01-17,1.4653293741744764,1.32198954732569,1.3368580744670837,1.3026331829946323
2025-01-21,1.4766213566391793,1.3350152520446079,1.3486702249007649,1.3130659314199911
2025-01-22,1.4530538019323957,1.3285767891880942,1.3277612640215586,1.3005096525938677
2025-01-23,1.4602362475225712,1.336765075288513,1.3344284729085301,1.3076122023403278
2025-01-24,1.4592035622425523,1.3347748398754924,1.3359714574052635,1.3020722700562184
2025-01-27,1.4431632566128343,1.3304632973895205,1.3260465755203934,1.3049447866511819
2025-01-28,1.4304603783220602,1.3259333178804538,1.3151101192138992,1.3006740130875283
2025-01-29,1.4316395687960317,1.3235362037816401,1.3122833141271433,1.296761260686272
2025-01-30,1.4485647771302788,1.3366702603027816,1.3237405991183115,1.3099520445618467
2025-01-31,1.4287834743884635,1.3252646605187126,1.3074398914791083,1.3024214105631806
2025-02-03,1.4348121485053891,1.322303829323787,1.3100436306760725,1.2906119369620037
2025-02-04,1.4417686250577813,1.3262815699842718,1.3168783305559411,1.294775230107996
2025-02-05,1.4472301186254339,1.3323211153270476,1.3244899164416861,1.2947462345497001
2025-02-06,1.4394839205654408,1.3321804153878607,1.3257360127610875,1.302022408835507
2025-02-07,1.4325630899781383,1.3237220521662045,1.3158261008867063,1.2899050079691361
2025-02-10,1.450660776518462,1.3328596782545092,1.3141358079299406,1.2917528367369955
2025-02-11,1.4598376081271613,1.3357109753442968,1.3170044677120918,1.2882223703019255
2025-02-12,1.4437466109708541,1.3286788053936232,1.3087265377795743,1.2848369342578101
2025-02-13,1.4568187519772549,1.3403013875336693,1.3196327692835153,1.3001752962881818
2025-02-14,1.4550258710615955,1.3370136218467858,1.3178841732867739,1.3022868891877351
2025-02-18,1.4723364560820618,1.3457217694786396,1.3300549928409189,1.3081358125766394
2025-02-19,1.4729174287014088,1.3491401267304475,1.3254092175478069,1.3080893565121219
2025-02-20,1.4761896044324765,1.3453355617553857,1.3137452344849661,1.2962537155745952
2025-02-21,1.4570598032981172,1.327374310541209,1.3015596121123363,1.267761063632884
2025-02-24,1.4541736103645304,1.3255210139849434,1.2986507596845209,1.261969307546253
2025-02-25,1.4484501164023647,1.3253288620116486,1.2994306706892809,1.2542872317777043
2025-02-26,1.447529358444104,1.3217330900867905,1.2943806405835168,1.25613612064596
2025-02-27,1.436144571981107,1.3104671881958467,1.2812966877644729,1.2550160656945473
2025-02-28,1.4549484165771425,1.3291060949311355,1.2984340954789282,1.2740460538095277
2025-03-03,1.4287062403494137,1.3120986616804911,1.3032349588742449,1.2745102956633492
2025-03-04,1.4098794320376058,1.2916818095624298,1.2847561682714128,1.2483707246736515
2025-03-05,1.4118759569137012,1.301590475024349,1.2879161401519681,1.2567041850551182
2025-03-06,1.3968371432378264,1.2868024948945378,1.2785801621571649,1.2493824212752547
2025-03-07,1.4128089745715706,1.295494454139567,1.287826232418336,1.2486131194212313
2025-03-10,1.3868810787302606,1.2767783452923052,1.2869802621885165,1.2340154428252816
2025-03-11,1.3777096389599683,1.2642162289584602,1.2720174572898331,1.2199408382974348
2025-03-12,1.3847301498330056,1.262382161263502,1.257283296519371,1.2074450387981086
2025-03-13,1.3724434457033039,1.2518847970427014,1.2541211429072867,1.2036211619575892
2025-03-14,1.4057354238973891,1.2748106211113874,1.2664560656902046,1.2154593916027858
2025-03-17,1.422372999260799,1.288140684977708,1.2796806542801678,1.2281514626798773
2025-03-18,1.415194353697075,1.2795967197371207,1.2720587937465757,1.2208365133357859
2025-03-19,1.4306232935805279,1.2909995458538341,1.2738657649904874,1.2225707228581446
2025-03-20,1.4259446728381409,1.2886914271712995,1.2727451661968556,1.2251472480878678
2025-03-21,1.4191895995295996,1.284511921489462,1.2684302542480954,1.2185281037211839
2025-03-24,1.4399534436827981,1.3032277054326762,1.2790920220531681,1.2261254724372102
2025-03-25,1.4434112477687409,1.3010532034384301,1.2715404003395201,1.2160796829174174
2025-03-26,1.4363126967762596,1.2981818322180154,1.2790632262908372,1.2196863370539777
2025-03-27,1.4265952049037429,1.2962425812766114,1.2701171585908599,1.2147610231601715
2025-03-28,1.3979744486260421,1.2791186208655867,1.2511727589280273,1.2037534541228088
2025-03-31,1.4043911661528115,1.2906953951486726,1.263816861910398,1.2172032696160311
2025-04-01,1.4154311094357048,1.2931113486765278,1.2681643245115719,1.211606484438813
2025-04-02,1.4284682055705653,1.3019508766746652,1.2761785140927786,1.2181774593890451
2025-04-03,1.3405380137821379,1.2492359749479496,1.2192623832503495,1.1845543534972456
2025-04-04,1.2637592398348361,1.1727392909482157,1.1343755534707667,1.1103636639703189
2025-04-07,1.2592123062055427,1.1636750156304085,1.1198727325385962,1.1013591197870498
2025-04-08,1.2372320054526293,1.1456283598422274,1.0985764473838293,1.0833952551139423
2025-04-09,1.3739462571180099,1.2329161015189034,1.1723873740214965,1.1398987680859318
2025-04-10,1.3229085143066166,1.1956925608678679,1.1571858213936841,1.1258909532272192
2025-04-11,1.3439886569940622,1.2166551997124264,1.1731129514742897,1.140695188037002
2025-04-14,1.3540760397924818,1.2296611336807544,1.1908591215904323,1.1586718929149964
2025-04-15,1.3502310570993157,1.2255249679530873,1.1884039018734398,1.1529924043492739
2025-04-16,1.3173856155991377,1.2094195828195411,1.1744118452182595,1.1414972633627891
2025-04-17,1.3201463865778638,1.2180085884516276,1.1884518226768013,1.1512702689845389
2025-04-21,1.2871693457961895,1.1919784875832686,1.1647836299383934,1.1303211895287208
2025-04-22,1.3186911532177403,1.2205040463294032,1.1930401555717804,1.1529629148959739
2025-04-23,1.346739370547952,1.2310679138030993,1.20125672280377,1.1542336557698032
2025-04-24,1.3824796186310493,1.2493155636099385,1.2064002911523093,1.1560436327207595
2025-04-25,1.3958155944907189,1.2517729291998239,1.2013903678674207,1.1512602087737149
2025-04-28,1.3984554606887742,1.2546555929455556,1.2037598312129487,1.1535308020286752
2025-04-29,1.4026124527096708,1.2623153307783053,1.2143709363287016,1.1636991398292906
2025-04-30,1.3878265615146537,1.2613508080752096,1.2159967153399212,1.1652570803072044
2025-05-01,1.3989909864359806,1.2604568139925945,1.2135714518780136,1.1629330152953941
2025-05-02,1.4208031215205923,1.2785712304541721,1.2248730069307134,1.1742342238421279
2025-05-05,1.4047132696106082,1.2709628696324844,1.2213203902834056,1.1731259120579098
2025-05-06,1.3968201540228826,1.2630851387334263,1.2221816376296699,1.1737484844295101
2025-05-07,1.4052977943780351,1.2681004787472803,1.2280650227801486,1.177487678544588
2025-05-08,1.4214491295902194,1.2753765126018999,1.2281548588391105,1.1792487258847313
2025-05-09,1.4278982010152741,1.275666311246247,1.2283106495729774,1.1779727914808813
2025-05-12,1.4860082498265577,1.3064000575803993,1.2802769532100526,1.1883070766867374
2025-05-13,1.5102265293931583,1.3081253705037426,1.2981586885605385,1.1853349207651973
2025-05-14,1.5124437056310254,1.3017118998902149,1.3006327158349773,1.1795750269357081
2025-05-15,1.514100638768006,1.3138744053921116,1.3049485190748913,1.2002503799429358
2025-05-16,1.5190408631095011,1.3260717143178467,1.3148215138709729,1.215251845658093
2025-05-19,1.5105715422580035,1.3270782061177118,1.3146613806582084,1.219543168546916
2025-05-20,1.5014339382348743,1.3241735871490827,1.3091580221548786,1.2206951667463195
2025-05-21,1.4726533256504319,1.3004591503641927,1.2847424784707746,1.2016640203082616
2025-05-22,1.4730259041754667,1.296357682475608,1.2865975895358372,1.1941728854168716
2025-05-23,1.4647408853736954,1.2946742570606258,1.2766098045349821,1.1924561343932814
2025-05-27,1.4949138629835397,1.3155094247798493,1.3067661686944101,1.211816656179135
2025-05-28,1.4819538716634932,1.3042203060238262,1.2988010311115532,1.2024912763644615
2025-05-29,1.4866613476285329,1.3095787193632198,1.3001064117318315,1.206314712269051
2025-05-30,1.4780316324776541,1.3105481624354567,1.2966726014694803,1.2094412347982026
2025-06-02,1.489996524603149,1.3154497690409477,1.3009546076022678,1.2137669242716214
2025-06-03,1.5060132151000496,1.323682735093209,1.3131397039667014,1.2240652653622577
2025-06-04,1.495596624125298,1.3171195540481151,1.3128845941563962,1.2178156227681507
2025-06-05,1.4811939305165258,1.3096661719798797,1.3003705951531555,1.2157237785241979
2025-06-06,1.5015258372679472,1.3215884638790099,1.3137054159100117,1.2248042580088003
2025-06-09,1.5046129590049984,1.322414633540036,1.3189528245250322,1.2288932869677252
2025-06-10,1.525277277397834,1.3304275871435911,1.3247945413127071,1.2343361249610592
2025-06-11,1.5288824154433276,1.3291736666006588,1.3205031681144366,1.2303377714057475
2025-06-12,1.5322458201203182,1.3344041154411548,1.3213673974175018,1.2311429901893078
2025-06-13,1.5341255019484432,1.3242866835152789,1.3073991883406191,1.2181285456645583
2025-06-16,1.5365112072529035,1.3310293853346287,1.3150418577366367,1.2318514888758154
2025-06-17,1.5239447192778568,1.3204742640321987,1.3004670352249033,1.2187812635199493
2025-06-18,1.5199557657256659,1.3188720578623341,1.2990142760208967,1.2184975015626081
2025-06-20,1.5233792660933041,1.320252541174628,1.2920823427266348,1.2176157930191316
2025-06-23,1.5211207187883082,1.3303237765081664,1.3024792717491191,1.2357671508616082
2025-06-24,1.5235253279973466,1.3388465088251666,1.3090501995433694,1.2475378749047015
2025-06-25,1.515798282691434,1.3306777375715944,1.3113473957275812,1.2419283315310419
2025-06-26,1.5287925230126695,1.3409447775545036,1.3215726660236855,1.2527022431561248
2025-06-27,1.5334941036198166,1.3452271420820772,1.3178153247552835,1.2571537052014861
2025-06-30,1.5309257557392577,1.34920328589836,1.3225617212579364,1.2650839560905596
2025-07-01,1.5542403568933758,1.3593603814839119,1.3225620506022342,1.2636824075823574
2025-07-02,1.5658120637967639,1.3647167358526822,1.3352562859265169,1.2719141885931537
2025-07-03,1.5665946335377741,1.3717095912722417,1.3453493872192606,1.2833987734828514
2025-07-07,1.5521200199260534,1.3625028219521089,1.3358838623329872,1.2730696007823403
2025-07-08,1.5726755982757477,1.3644557590395012,1.3501992273735717,1.2738003900104329
2025-07-09,1.5751631138858488,1.3690174734453429,1.3523724885827431,1.2818294999726216
2025-07-10,1.585170768077101,1.3766424051199679,1.3592861185946623,1.287538107853448
2025-07-11,1.5788413187207031,1.3712549533814333,1.3594596135230257,1.2842427824131379
2025-07-14,1.5694851814180164,1.3717004978708973,1.3558056545281842,1.2878048701472815
2025-07-15,1.5417801460526832,1.3560662817708178,1.346764675321525,1.2821391169362406
2025-07-16,1.5451188585226774,1.3599554024030498,1.3496636751320048,1.2857562058401211
2025-07-17,1.545956319646191,1.3670005125446834,1.3594477853406508,1.2950770319475287
2025-07-18,1.5396156246612087,1.3682511897317609,1.3621277820238396,1.297630129012028
2025-07-21,1.5340962607275086,1.3667893217558715,1.362474743148993,1.2979606612980124
2025-07-22,1.5531258596061925,1.3770022892760545,1.3639710579145401,1.2993861245679665
2025-07-23,1.5732486975048181,1.3875094956377807,1.3768728505296106,1.3116770087541076
2025-07-24,1.5664215216848885,1.3834676839299169,1.3704611299878082,1.3055688874283049
2025-07-25,1.5719629672926023,1.390531240304852,1.3802649807246161,1.3149085193367862
2025-07-28,1.5763506995088346,1.3860797405834508,1.3851328950850865,1.3195459347268543
2025-07-29,1.5746450087581279,1.3851519768393632,1.3767063804308668,1.311518421124841
2025-07-30,1.5690688443531968,1.3776621315433777,1.3653062520502612,1.3075735139795064
2025-07-31,1.5544790379367237,1.3668772675050664,1.3563032266200883,1.300945787667684
2025-08-01,1.5484636082442969,1.3520407436597657,1.3345342242295561,1.2746700829830615
2025-08-04,1.5641051104477686,1.3669805950505289,1.353557738080732,1.2922041013279526
2025-08-05,1.5569964782751438,1.363798259416745,1.3519943912536749,1.288269738015652
2025-08-06,1.5397476850595244,1.3649885468867853,1.3525098211030706,1.3023670813102046
2025-08-07,1.5374565060890706,1.3643081758522044,1.3571167942010296,1.3019996585124021
2025-08-08,1.54301555269857,1.3704661742180315,1.3600996454804859,1.3074480762556817
2025-08-11,1.5377756060728853,1.3672638551910477,1.3541124129047233,1.3042190640028526
2025-08-12,1.5460119810369468,1.3794963146443806,1.3677811944301173,1.3200817857798006
2025-08-13,1.5613553423433009,1.3905475930943856,1.3680305977217124,1.3219983811231755
2025-08-14,1.559916512972658,1.3859773632756567,1.3597965050621377,1.3140814789317607
2025-08-15,1.5672616226326082,1.3845680416163473,1.3557447629141188,1.3074816886864817
2025-08-18,1.5606902525013338,1.3831768213032278,1.3541525292164125,1.3082384165289218
2025-08-19,1.5692478888060308,1.3861005455156523,1.3552681074226416,1.305800175248681
2025-08-20,1.576961965163973,1.387444299943446,1.3483816038329399,1.2972763266998513
2025-08-21,1.5752446511897649,1.3834994739954372,1.3425934277950444,1.2916068872854589
2025-08-22,1.5931823868833048,1.4035620945947858,1.3658583721466049,1.3175129997314614
2025-08-25,1.581167347470563,1.393401353839427,1.3574196405873529,1.3112457675268241
2025-08-26,1.5847123426018328,1.3980974116281952,1.3643932487337174,1.3197488651133527
2025-08-27,1.5904264980386533,1.4017882176637693,1.3639147595638395,1.3262643964471164
2025-08-28,1.5883891664619334,1.4021819588801849,1.3612295640571841,1.333898238501364
2025-08-29,1.5932564684331638,1.3997939235242021,1.3555367591074061,1.3249703162175483
2025-09-02,1.5928011118614507,1.3928998120846181,1.3472735619295235,1.3179344594567992
2025-09-03,1.576841199792717,1.3875450786959587,1.34489875809229,1.3121597616804672
2025-09-04,1.5908851427185371,1.3965851994810874,1.3568989784225591,1.3252203123054336
2025-09-05,1.5823648884630965,1.3918313730218059,1.3512458185875935,1.3169921571969025
2025-09-08,1.5830557743621996,1.3916599349705476,1.3523926719556822,1.3210240721165505
2025-09-09,1.5876372410271375,1.3917308053586408,1.3464917180115272,1.3233285214283186
2025-09-10,1.585471118141198,1.3959628028618098,1.3496043958744453,1.3335998604399806
2025-09-11,1.5965297287645497,1.4115736980065368,1.3653745943330522,1.3501123756152213
2025-09-12,1.5898804941865199,1.4063014939280734,1.3598046959040309,1.3502407843695734
2025-09-15,1.5848128390040197,1.4049097068261762,1.3584245737485454,1.3571992277771978
2025-09-16,1.5838481181712454,1.404475184306673,1.3687485268453718,1.3574575595210114
2025-09-17,1.5874417369828715,1.4066851365345101,1.3695142087644816,1.3590936349184122
2025-09-18,1.5872046410997511,1.4090460122178683,1.373001184725622,1.3687768285581403
2025-09-19,1.5829005931733238,1.4103247942618033,1.3733931266821402,1.3762608105116987
2025-09-22,1.5873320785002891,1.4120310107176239,1.3782880547138308,1.3831648677080262
2025-09-23,1.6002665191239351,1.4125892439722181,1.3776265753473282,1.3749673113859264
2025-09-24,1.6088671935087395,1.412398264971648,1.3838241651431042,1.3728559690592144
2025-09-25,1.5996116490149879,1.4021684482967343,1.3806253092719287,1.3602689363964724
2025-09-26,1.6186276645259765,1.4152143301953459,1.3930244286757412,1.3756793247447316
2025-09-29,1.6117225013665994,1.4168952691507566,1.3888846622471813,1.3814556041815844
2025-09-30,1.6198139339045046,1.4211425194554925,1.384360986019938,1.3826257175011396
2025-10-01,1.6419444836336776,1.4264102526939602,1.3918201716127194,1.394474702054568
2025-10-02,1.6405916981015631,1.4254162042493803,1.3892126383156802,1.3927818863052728
2025-10-03,1.6506080981402385,1.4298376923959186,1.3892769179721249,1.3928463311128454
2025-10-06,1.6501398028850518,1.4337225089648884,1.4024187847241285,1.4060219627329411
2025-10-07,1.649195785133198,1.4311166899428698,1.3933750131404796,1.3969549553517957
2025-10-08,1.6500402442249258,1.4355463169181113,1.4061465065695689,1.4097592620637391
2025-10-09,1.6338063797876183,1.4269440971247962,1.4021955915301927,1.4057981960977357
2025-10-10,1.5990528485951656,1.3985599385118375,1.3745148760178256,1.3780463616396665
2025-10-13,1.6140577344158895,1.4138480830282674,1.3884807081873762,1.3920480756584166
2025-10-14,1.6208641414385305,1.4216838190337115,1.3880256683506653,1.3915918667062099
2025-10-15,1.6189452071029986,1.4246265735685517,1.3994248218168497,1.4030203075575434
2025-10-16,1.6036009203256361,1.4115848614163851,1.3938871647688142,1.3974684228306482
2025-10-17,1.614087653158728,1.4181833663455494,1.3962092429280122,1.3997964670115859
2025-10-20,1.6256795929299268,1.4299177743876914,1.4062497169974277,1.4098627376659867
2025-10-21,1.6198446723973534,1.4302631091071116,1.4029387588129039,1.4065432727701661
2025-10-22,1.6282009986492976,1.4274546444236658,1.399923880095018,1.4035206480460134
2025-10-23,1.639280956763282,1.4356729313705563,1.4056770249434878,1.4092885742174557
2025-10-24,1.629674278186434,1.4385934683710979,1.4184555341681613,1.4220999147503841
2025-10-27,1.631611491206421,1.4468431114769034,1.4296920170056486,1.4333652670299364
2025-10-28,1.6212849822881137,1.4396807383858727,1.4237943905246946,1.4274524880151802
2025-10-29,1.6019576248438947,1.4299506130094795,1.4224869232508239,1.4261416615183871
2025-10-30,1.5910661377713347,1.4208604247453216,1.4156643656312933,1.4096506531025244
2025-10-31,1.5903582514838934,1.424564546122012,1.4126889718314397,1.422214673475928
2025-11-03,1.5829949939092298,1.4234727409853185,1.4155283857689056,1.4292653313565289
2025-11-04,1.5768249030195991,1.4139452539731647,1.4035596202410385,1.4109754099421947
2025-11-05,1.5809286409945877,1.4195004083769007,1.4073019507602564,1.4203800929279702
2025-11-06,1.5810840348577813,1.4111333147753888,1.3869947481349254,1.4008110430968361
2025-11-07,1.6027495610707971,1.4215965763651697,1.3867693575749451,1.4005834073499421
2025-11-10,1.6106980642756434,1.4325894614855157,1.4081748078279155,1.4222020840876453
2025-11-11,1.6303158231523998,1.4420311682864904,1.4162611983626632,1.430369025725384
2025-11-12,1.6256705354842449,1.4442975329054328,1.4214631323202351,1.4356227777983648
2025-11-13,1.6234753824092372,1.4287770145458765,1.4096523261337626,1.4236943204223476
2025-11-14,1.6273835272635317,1.4276503536394876,1.4174255691100062,1.4315449951393493
2025-11-17,1.6057478705212747,1.4140696453881729,1.400943033200948,1.414898271458026
2025-11-18,1.6128139270463768,1.4101912788116662,1.4000514562661586,1.4139978132423747
2025-11-19,1.6029462942660844,1.4078113451931391,1.3961802284695783,1.4100880229168635
2025-11-20,1.5927325843011024,1.3918426751385342,1.3848272261326748,1.3891826850974953
2025-11-21,1.6137057747168311,1.4086680811485202,1.3981477778631528,1.4014645765245002
2025-11-24,1.6069938434675215,1.415912379877456,1.4040956438216603,1.419660978118314
2025-11-25,1.6191062776513239,1.4302554645938006,1.4101270270329149,1.4299327169719371
2025-11-26,1.635755544468775,1.4419789527692035,1.4187285048025313,1.4406685214605393
2025-11-28,1.6491786039990022,1.4507296525146061,1.4244122450633105,1.445862217926807
2025-12-01,1.6525894810014028,1.4420489497434275,1.421498097873201,1.4276152947457403
2025-12-02,1.6368216231105681,1.4381426131283768,1.4093633775241092,1.4264263114645135
2025-12-03,1.651360312930378,1.4484412743431714,1.4208164096965026,1.4282823044888697
2025-12-04,1.6479266835434021,1.4471203557623791,1.4170848219124066,1.4255724729048926
2025-12-05,1.645796567971745,1.4454299116269755,1.4106584865222445,1.4225817437918413
2025-12-08,1.6242523512479572,1.4340833947012985,1.3934175332358629,1.4139892531173073
2025-12-09,1.6264229440032203,1.432322121120075,1.3908149457689187,1.4110500317280488
2025-12-10,1.6506611347592113,1.4476136681535339,1.4114856796161357,1.4198816173736695
2025-12-11,1.6611292684781205,1.4583425209794199,1.4230408041656373,1.4252164540748729
2025-12-12,1.6584586651296045,1.4530727254271236,1.4042235348934409,1.407368108017206
2025-12-15,1.658980813450468,1.4561513074260817,1.4008719533308425,1.4059089973634762
2025-12-16,1.6418040646184764,1.4458607272731128,1.3958927875078584,1.3862129045324083
2025-12-17,1.6493255662581585,1.4413731088224351,1.3780714219648507,1.3851962844802534
2025-12-18,1.6496344730058115,1.4453413671940323,1.3871747639641259,1.3857512660278626
2025-12-19,1.6498303894343898,1.4493194882465537,1.3880609624853346,1.3871404575569448
2025-12-22,1.6653367411867037,1.459607524231916,1.402003669423326,1.394293732225047
2025-12-23,1.6691943075832225,1.4613751220063889,1.4031174253784402,1.3921215887690415
2025-12-24,1.6705533743873668,1.4663956675449714,1.4081795724283186,1.4006878992640199
2025-12-26,1.6692889867563088,1.466034735891462,1.4079771565624708,1.4011527104822601
2025-12-29,1.6646250570612224,1.4628502958524656,1.3970499830822132,1.394880694740932
2025-12-30,1.6665505760704353,1.4620007538537796,1.3938825843238012,1.3918518254590468
2025-12-31,1.654486842714276,1.4513953532847574,1.3829022779311713,1.3811924186971187
2026-01-02,1.6707796123519161,1.4625914604895534,1.3880135511546046,1.3857097586422329
2026-01-05,1.7008307023538882,1.4741702212736334,1.4103195574590992,1.3953931818671692
2026-01-06,1.7004968318370948,1.4836553451033125,1.4272953467162302,1.3994612219130085
2026-01-07,1.6835493414088063,1.4690618581187447,1.4034490995745779,1.3909355877620968
2026-01-08,1.7202176450555007,1.4818254671882538,1.4176733926008196,1.408565914402822
2026-01-09,1.7379403184479227,1.4932705375046933,1.4290881963193398,1.4149068743264002
2026-01-12,1.737633350316286,1.4962051553849582,1.4316721590151307,1.4144403269494104
2026-01-13,1.7420178544587979,1.4984780178673314,1.434049259083376,1.4212537676171431
2026-01-14,1.7391283294448614,1.5024956020227471,1.4274990938851897,1.4355879368931166
2026-01-15,1.7385961529934131,1.5063196369970531,1.4356999780823836,1.4303539856309837
2026-01-16,1.7383668954820597,1.5039592751150992,1.434689368457494,1.4247922711066834
2026-01-20,1.7075560000769912,1.4847497254047617,1.4078442614122519,1.4180966749348014
2026-01-21,1.728834551519264,1.5048341776815524,1.4365695964652325,1.4470227901004635
2026-01-22,1.73093298271378,1.507999966739983,1.4384045164625165,1.4488710618866785
2026-01-23,1.7331349137843512,1.5077215008884173,1.4418716353361984,1.4523634092386966
2026-01-26,1.7415678787101374,1.5108644395058437,1.4432099238459921,1.4537114358001428
2026-01-27,1.7622597297288385,1.5145695399996946,1.4491069653928872,1.4596513871491918
2026-01-28,1.7599856861540277,1.5115198007765029,1.4466679539169514,1.4585402235199254
2026-01-29,1.7478532116547081,1.5123853009426467,1.4505183803945123,1.4619970186163536
2026-01-30,1.7348208393046074,1.5110319466880835,1.4567263219509705,1.4630589827502667
2026-02-02,1.7356047393560547,1.5161840502623811,1.4564246459365375,1.4599381649112457
2026-02-03,1.7266873975618504,1.5235526395425025,1.4902618023631364,1.4810380706320534
2026-02-04,1.704257880791461,1.5308446590768965,1.519538237298909,1.5091403260768386
2026-02-05,1.6821165607030348,1.5130742317733115,1.4995537031445156,1.4892925422896628
2026-02-06,1.7100075952951865,1.5411076059347286,1.52534857399104,1.5149109037398036
2026-02-09,1.7186380271660797,1.5441374937810024,1.5327122137962041,1.5222241555579556
2026-02-10,1.72869152959984,1.5466728021977347,1.5376680068564679,1.5271460370686376
2026-02-11,1.7326712219241092,1.5564420734268618,1.5652731114657912,1.5545622451961494
2026-02-12,1.7181391161617416,1.5422206420890625,1.5528180144697066,1.5421923760605087
2026-02-13,1.7360932475145181,1.5540349417387738,1.5627716927017539,1.5520779431650771
2026-02-17,1.7335237060352175,1.5491121141884261,1.5434184167204137,1.5328570979713081
2026-02-18,1.7340380471028785,1.5548368591676944,1.5554303424724392,1.544786828399445
2026-02-19,1.7336171786371446,1.5540052785363927,1.555168249540321,1.5494828315659892
2026-02-20,1.7451301289100916,1.5588687447707925,1.5548956594528576,1.5505428815898121
2026-02-23,1.7277342339548374,1.5503743193438801,1.5638112828249831,1.5460235850186554
2026-02-24,1.7503513645505708,1.562000013090854,1.571784137703139,1.5557566862940604
2026-02-25,1.7651418200790474,1.564803230369852,1.5623746682186723,1.5466276370190275
2026-02-26,1.75445271009618,1.564465931687012,1.5601827600647604,1.5509639775046082
2026-02-27,1.7510737847278768,1.5697254900212523,1.5812027530884347,1.5644136142428198
2026-03-02,1.7425744940641881,1.5671664633288944,1.5802687915423419,1.5785494463685146
2026-03-03,1.725128086373291,1.5484766744526208,1.566368241006312,1.550777244505176
2026-03-04,1.7474406535455778,1.5546642732545775,1.5620447537382716,1.5490383277254371
2026-03-05,1.7450840469151956,1.5395530878513319,1.5480522423814336,1.5293666596553828
2026-03-06,1.7205152818478258,1.5244240487917602,1.540855732828688,1.5143265537896851
2026-03-09,1.7329096685707184,1.5300327087381529,1.5427084427068083,1.5162563032889189
2026-03-10,1.7285855336421356,1.5226458933719522,1.5301284563901578,1.5058467483974816
2026-03-11,1.7250691568369003,1.5212138720142994,1.5370473794774684,1.5165747965556731
2026-03-12,1.6907466618062355,1.505782339038731,1.5423788828224518,1.5165910252566925
2026-03-13,1.6838628767751977,1.5043249588942622,1.5521532394300162,1.51623522299083
2026-03-16,1.7034573222465925,1.5157268251333551,1.5587299537832169,1.5215703861425838
2026-03-17,1.7145108567631211,1.519082933049581,1.5610747430668315,1.5265226544121269
2026-03-18,1.6880755997492882,1.4978818151865114,1.5434513724348269,1.5029693795927612
2026-03-19,1.6857828910703541,1.4935382326335251,1.550266471352729,1.5002395643026369
2026-03-20,1.6640357801466814,1.4723979997320269,1.5173301341043262,1.4717138915949755
2026-03-23,1.6898316222720613,1.4889001637528352,1.5352699400790117,1.4906110654583959
2026-03-24,1.6844364172698727,1.4958293888190046,1.5464360509950548,1.5137265572501881
2026-03-25,1.6929746986749006,1.5050331973271704,1.548093595312148,1.5230821096081992
2026-03-26,1.6623847254848814,1.4925755741567563,1.5360443180275867,1.5286153311243305
2026-03-27,1.6215028431648093,1.4800645798928913,1.5222103121055577,1.5383998840719717
2026-03-30,1.6177056870858122,1.4773337977816465,1.5137252268747114,1.5389226917865122
2026-03-31,1.6684597239013821,1.5018897737108685,1.5386835288124601,1.541760820730733
2026-04-01,1.6817333685535942,1.504920765250209,1.527497631008387,1.5300696229644124
2026-04-02,1.6788077037529814,1.5046659107702907,1.5323457060496246,1.5344983948197541
2026-04-06,1.6906025638525901,1.5099922353086326,1.5377821373192935,1.5344166394165688
2026-04-07,1.6868194845745774,1.5072424648951765,1.5430272975778947,1.5382590369929598
2026-04-08,1.7350589170996731,1.5359250815540408,1.5440340348414741,1.5425304430817985
2026-04-09,1.7479143000994026,1.5415648009243437,1.5432424462691654,1.5395873347957889
2026-04-10,1.7445731991904965,1.5344701698724277,1.5359543472391146,1.5368737888200856
2026-04-13,1.7722604240170108,1.542086930534359,1.5486800785502666,1.5344759599577411
2026-04-14,1.7962010966911819,1.5467922351219598,1.5376897506588441,1.5231753546035394
2026-04-15,1.8192985264633774,1.5450756887976898,1.5336240232027964,1.5103195675554981
2026-04-16,1.8219208197066972,1.5493051677466887,1.5432557317278228,1.5249263016572172
2026-04-17,1.8502166621810485,1.5602400740767182,1.5651635057323781,1.5100934355610809
2026-04-20,1.8506020362858366,1.5587687840417344,1.5654895072743584,1.5094840734085784
2026-04-21,1.8426231245828169,1.5490297668917057,1.558739864560458,1.5033795741213467
2026-04-22,1.8549485947636264,1.5551709819901069,1.5691664143328803,1.5091107232525103
2026-04-23,1.8350309783180645,1.5611224078887995,1.5523174003665807,1.5262465139838295
2026-04-24,1.8526489049237569,1.5619225609176304,1.5710797588378438,1.5395232402479968
2026-04-27,1.8542120212660818,1.5589669439055158,1.5671107311622869,1.5398830965184185
2026-04-28,1.8396965098614166,1.5571294547115915,1.5506477991770335,1.5400585529504351
2026-04-29,1.8445853025008492,1.5563510111192125,1.5496904521359738,1.549659356886002
2026-04-30,1.8564404345194878,1.5789689185549232,1.5627062663149212,1.5693696722025761
2026-05-01,1.8645919781135132,1.5744637683193881,1.5685319351386724,1.5667588144652862
2026-05-04,1.8564964218926137,1.5668793258251676,1.5617217918932649,1.5700750389241775
2026-05-05,1.8723343169413826,1.5777496083864682,1.5750449448730937,1.5823426400296068
2026-05-06,1.9017840769056067,1.5843978478256731,1.5998186699176413,1.5679181057879297
2026-05-07,1.8970748852492159,1.5700802277210408,1.5958572040374706,1.551006948684013
2026-05-08,1.9166334052526546,1.5719061000277639,1.6120230802592228,1.5617964265815039
2026-05-11,1.9203137602022595,1.5810223311819511,1.6213572635885656,1.5873813537556891
2026-05-12,1.9095367438035058,1.5840006020080484,1.6060643575113096,1.5834853861245772
2026-05-13,1.9107163012185673,1.5831174698560004,1.6109098830453754,1.5831086173079318
2026-05-14,1.9240075814056203,1.5890577321755177,1.6217089661682897,1.5978829714117548
2026-05-15,1.9020524036167672,1.5717460884007168,1.6203793189331939,1.5901686483514692
2026-05-18,1.9116252217662244,1.5779427123876437,1.6332674686889523,1.594041984641672
2026-05-19,1.9036546586102876,1.5727059033964876,1.6377065948695437,1.5914426759384344
2026-05-20,1.9255374217864174,1.581861381369158,1.6319629917351715,1.6024021872651071
2026-05-21,1.9349746738179721,1.5848230681173436,1.6246621138502733,1.6039991503766227
2026-05-22,1.9485409222914236,1.595028050677092,1.6342660590225897,1.6136970925773375
2026-05-26,1.9535658401991784,1.5958462218171257,1.6261645559858326,1.6121585066524851
2026-05-27,1.9661873363040696,1.5964708520763344,1.6222122570765627,1.597822035536032
2026-05-28,1.9761598700184366,1.5992775564049848,1.6282243330621993,1.6031510791262362
2026-05-29,1.9610310645759825,1.5936230417570587,1.625100868720428,1.6128643039345438
2026-06-01,1.9469019257706099,1.5861004685968358,1.6184642768839761,1.6227902337281914
2026-06-02,1.9550251791790922,1.5946352675352278,1.6175056348924306,1.6333131853650613
2026-06-03,1.9609277196126564,1.5934212034182029,1.612211277530712,1.6310800230803266
2026-06-04,1.9885589773432959,1.6041684978365855,1.6223127858689543,1.6252113137549997
2026-06-05,1.9725092978607963,1.5859770966844644,1.5784885421049482,1.5680390895134195
2026-06-08,1.9601629850163169,1.5840689467941407,1.5935009819936217,1.5808851048520733
2026-06-09,1.9863687846696958,1.5912777144368568,1.5815841193721467,1.5673865047671713
2026-06-10,1.9413614256158975,1.5763855570014231,1.5714412028688332,1.5608851694782337
2026-06-11,1.9884512121546345,1.5973433681231461,1.5845885659844925,1.5736075898126329
2026-06-12,2.0036029276862068,1.6102269445753119,1.5921836986693716,1.5892989459269722
2026-06-15,2.0108959872588601,1.6172230375246537,1.6101945638319319,1.6179598219695155
2026-06-16,2.0209732115830432,1.6174494894550231,1.6028677719837379,1.61399000423211
2026-06-17,1.9961957265159074,1.5974808265725129,1.5903584179111223,1.6084277062743655
2026-06-18,2.0026952617400968,1.6005953059386209,1.5972551350535311,1.6237575143864547
2026-06-22,2.0071631178661833,1.6043764545864563,1.6076713398872609,1.6336236688374304
2026-06-23,2.0284822662453608,1.5981237308999627,1.5648378517590276,1.6019390327855638
2026-06-24,2.0303596431019839,1.6034784692994883,1.5707335326576459,1.6032561690017806
2026-06-25,2.0373575942682747,1.6120811255161203,1.5935271085545799,1.6165371835662909
2026-06-26,2.0457629029136108,1.6149956918030128,1.5728062701084886,1.5992025837856598
2026-06-29,2.0370901342180878,1.6201941078418243,1.5796293602475917,1.6175820128485134
2026-06-30,2.0206477842901389,1.6186896136570814,1.5767494152067494,1.6316365343406036
2026-07-01,2.013136703824665,1.6161696938060259,1.5857003942681196,1.6148330877094486
2026-07-02,2.0273068003651167,1.6302292992166387,1.6092450922046213,1.6159159101045535
2026-07-06,2.024540739142604,1.6317575649930489,1.6132594984611519,1.6234740000685381
2026-07-07,2.0459700705314265,1.6324752569798282,1.6113419812605938,1.6096539085600849
2026-07-08,2.0407164197079588,1.619741329491303,1.5882060289652684,1.599099004232714
2026-07-09,2.03655343287511,1.6228286785997779,1.5952755316196294,1.6184003915295169
2026-07-10,2.046242779431088,1.6299145344148434,1.5949458395276341,1.6236946733776103
2026-07-13,2.0646166120305534,1.6304111713955503,1.5956926564481388,1.6091156820362049
2026-07-14,2.0659766293499704,1.6278461792961054,1.5867915522356593,1.6174054343460644
2026-07-15,2.0599429091166623,1.6246753646876297,1.5838482508355731,1.6139826615041095
2026-07-16,2.0720189813164365,1.6350269398241575,1.6002488137862652,1.6158390884272353
2026-07-17,2.0641888674306261,1.6253087411645588,1.589797117094583,1.6030602378202836
2026-07-20,2.0589345835392172,1.6174418932310375,1.5789222825803313,1.5950397308222952
2026-07-21,2.0669495746247031,1.6249657431077165,1.5826887491201265,1.6139910432494435
2026-07-22,2.0991626230129334,1.6316782922417481,1.5846802468649952,1.6091299748851584
2026-07-23,2.097982603265276,1.6234500505450875,1.5908481249989324,1.6083523684292234
2026-07-24,2.1156705704089358,1.6320646355641619,1.6012387473943983,1.6091001765030426
2026-07-27,2.0932777473972619,1.6328190454414468,1.5979697760762188,1.6126498582066664
2026-07-28,2.0945831173590288,1.6421327791929219,1.6103144074415532,1.6229593080367422
2026-07-29,2.0928400753549083,1.6255164924276202,1.6085015091980326,1.596664656154585
2026-07-30,2.10010233830215,1.6319972275888521,1.6056449514946047,1.6198355170727816
2026-07-31,2.1140741211590428,1.6333244303419423,1.6074738755800713,1.6149332660321212
2026-08-03,2.1257454199602606,1.6432620202301487,1.6034934029372987,1.6265684477378186
2026-08-04,2.1361665818707634,1.6601729033147268,1.6051861215629506,1.6588257453203263
2026-08-05,2.1322709286134138,1.6588564230029779,1.5939177434721439,1.6639938981863642
2026-08-06,2.1329269874686805,1.6549587457775834,1.5985511035260245,1.6614521815660419
2026-08-07,2.1449389713205154,1.662805448389032,1.5906432000644493,1.6714515859476369
2026-08-10,2.1807859037097348,1.671324779597513,1.6160059582233883,1.6779907173170368
2026-08-11,2.1881447535365086,1.6751005804359842,1.6211379631868736,1.6757479748933071
2026-08-12,2.1720182831504422,1.6765306697111222,1.6145540829910392,1.6777469998152614
2026-08-13,2.1721039245371165,1.6822759783218766,1.6118902829587571,1.6805606563818656
2026-08-14,2.1839007031792339,1.6851564276515696,1.6185058855681387,1.678403494150251
2026-08-17,2.1789417560364162,1.6781353079892891,1.6203713842874754,1.6711678837389723
2026-08-18,2.1834220026739803,1.676923028279429,1.6340596704900974,1.6743166114245178
2026-08-19,2.2065588672117769,1.6866680560361369,1.6453905214634499,1.6854696881297868
2026-08-20,2.1951499276630355,1.6719592991771026,1.6347091279652353,1.6629098848400066
2026-08-21,2.2180158809681547,1.6798925685116204,1.6415362434154706,1.6768157943875859
2026-08-24,2.2142721960277605,1.68194805479405,1.6277026850497072,1.6804188405797869
2026-08-25,2.2000828462769371,1.6786965633133797,1.6255754923860333,1.6814030890120635
2026-08-26,2.2014134375573664,1.6802947512149748,1.6186650426139071,1.6775490594041085
2026-08-27,2.1862232178183243,1.6733422503255726,1.6055125780104169,1.6663728672711873
2026-08-28,2.1914777845998756,1.6708276621332188,1.6137238333095134,1.6706638057492473
2026-08-31,2.1942802380439628,1.6656445659607904,1.6201305445784777,1.6764886409448891
2026-09-01,2.1970028259199204,1.6588878853104014,1.6215070094822901,1.6825107748790407
2026-09-02,2.198931042627184,1.6672988943118603,1.627067663898649,1.6940123956422275
2026-09-03,2.2247843154856257,1.6758248293466118,1.6310110091930123,1.6996931184418425
2026-09-04,2.2209656139804692,1.6684940506696628,1.6244991267371822,1.6844210969437405
2026-09-08,2.2238034089268077,1.6601254003400108,1.6185631071559374,1.6686122994218897
2026-09-09,2.2052625723866623,1.6487779780210319,1.6213358208920434,1.66913812632532
2026-09-10,2.184402252120599,1.6373968569173709,1.6042114158988154,1.6609511699622688
2026-09-11,2.198299208773336,1.6455972202878968,1.611356107549238,1.6654433895675054
2026-09-14,2.1745585603784532,1.6379438761056102,1.5893969057319333,1.6660841984015582
2026-09-15,2.1510098053905864,1.6335070567473999,1.5931331069419223,1.6759550105154348
2026-09-16,2.1471777507058425,1.6220391704317239,1.5779671041531476,1.6511658636728959
2026-09-17,2.1753233795183551,1.6321712680772111,1.582236554329373,1.6562758770831199
